airs_code,partyline_tags
BH-1800.1500,emergency-shelter,housing
BH-1800.1500-100,emergency-shelter-youth
BH-0500.3200,coordinated-entry
BH-1900.2500,food-bank
BH-1900.2500-100,food-bank-homebound
LH-2600,immigration-legal-aid
LH-2600.100,asylum-application-help
BD-1800.2000,clothing-distribution
BD-1800.2000-100,professional-clothing
YO-1500,youth-shelter
RP-1500.1500,domestic-violence-shelter
TE-1000.1500,medical-expense-assistance
TE-1000.1500-100,prescription-assistance
TB-1700.2000,transportation-medical
TB-1700.2000-100,transportation-senior
RP-6400.8000,transgender-support
RP-6400.8000-100,gender-affirming-surgery
